db,sseqid,name,marker_class,selection_agent,domain,host_range,reference
snapgene,AmpR;AmpR_(2);AmpR_(3);AmpR_(4),AmpR,antibiotic resistance,"ampicillin, carbenicillin",bacterial,broad (Gram-negative bacteria),PMID 358200
snapgene,ApmR,ApmR,antibiotic resistance,apramycin,bacterial,broad (bacteria),
snapgene,CmR;CmR_(2);CmR_(3),CmR,antibiotic resistance,chloramphenicol,bacterial,broad (bacteria),PMID 6340955
snapgene,GmR,GmR,antibiotic resistance,gentamicin,bacterial,broad (bacteria),PMID 2549372
snapgene,KanR;KanR_(2);KanR_(3);KanR_(4);KanR_(5);KanR_(6),KanR,antibiotic resistance,"kanamycin (bacteria), G418 (eukaryotes)",both,broad (bacteria and eukaryotes),PMID 6270337
snapgene,NeoR___KanR;NeoR___KanR_(2);NeoR___KanR_(3);NeoR___KanR_(4);NeoR___KanR_(5);NeoR___KanR_(6),NeoR/KanR,antibiotic resistance,"neomycin, kanamycin, G418",both,"broad (bacteria, mammalian, plant)",PMID 6295884
snapgene,SmR,SmR,antibiotic resistance,"spectinomycin, streptomycin",bacterial,broad (bacteria),PMID 2993813
snapgene,TcR;TcR_(2);TcR_(3);TcR_(4),TcR,antibiotic resistance,tetracycline,bacterial,broad (bacteria),PMID 7826010
snapgene,TpR,TpR,antibiotic resistance,trimethoprim,bacterial,broad (bacteria),
snapgene,HygR;HygR_(2);HygR_(3);HygR_(4);HygR_(5),HygR,antibiotic resistance,hygromycin B,both,"broad (bacteria, fungi, mammalian, plant)",PMID 6319235
snapgene,BleoR,BleoR,antibiotic resistance,"bleomycin, phleomycin, Zeocin",both,"broad (bacteria, yeast, mammalian, plant)",PMID 1695734
snapgene,PuroR;PuroR_(2);PuroR_(3),PuroR,antibiotic resistance,puromycin,eukaryotic,broad (mammalian and other eukaryotes),PMID 3714487
snapgene,BSD,BSD,antibiotic resistance,blasticidin S,eukaryotic,broad (fungi and mammalian),PMID 8159161
snapgene,NrsR,NrsR,antibiotic resistance,nourseothricin,eukaryotic,broad (yeast and fungi),
snapgene,AurR,AurR,antibiotic resistance,aureobasidin A,eukaryotic,narrow (yeast),PMID 8668135
snapgene,aur1_R,aur1-R,antibiotic resistance,aureobasidin A,eukaryotic,narrow (S. pombe),PMID 9472078
snapgene,aurA_R,aurA-R,antibiotic resistance,aureobasidin A,eukaryotic,narrow (Aspergillus),PMID 10102364
snapgene,kanMX,kanMX,antibiotic resistance,"G418 (Geneticin), kanamycin",eukaryotic,broad (yeast and fungi),PMID 7747518
snapgene,hphMX6,hphMX6,antibiotic resistance,hygromycin B,eukaryotic,broad (yeast and fungi),PMID 10514571
snapgene,natMX6,natMX6,antibiotic resistance,nourseothricin,eukaryotic,broad (yeast and fungi),PMID 10514571
snapgene,bleMX6,bleMX6,antibiotic resistance,"phleomycin, Zeocin",eukaryotic,broad (yeast and fungi),PMID 10514571
snapgene,DHFR,DHFR,drug resistance,methotrexate,eukaryotic,narrow (mammalian),
snapgene,ptrA;ptrA_(2),ptrA,drug resistance,pyrithiamine,eukaryotic,narrow (Aspergillus and related fungi),PMID 10945258
snapgene,BlpR;BlpR_(2),BlpR,herbicide resistance,"bialaphos, phosphinothricin",eukaryotic,broad (plants and fungi),PMID 16453790
snapgene,patMX4,patMX4,herbicide resistance,bialaphos,eukaryotic,broad (yeast and fungi),PMID 10514571
snapgene,URA3,URA3,auxotrophic,uracil dropout; counter-selectable with 5-FOA,eukaryotic,narrow (yeast),PMID 6394957
snapgene,LEU2,LEU2,auxotrophic,leucine dropout,eukaryotic,narrow (S. cerevisiae),
snapgene,HIS3;HIS3_(2),HIS3,auxotrophic,histidine dropout,eukaryotic,narrow (S. cerevisiae),
snapgene,HIS3MX6,HIS3MX6,auxotrophic,histidine dropout,eukaryotic,narrow (S. cerevisiae),PMID 9290211
snapgene,S._pombe_his5,S. pombe his5,auxotrophic,histidine dropout,eukaryotic,narrow (yeast),PMID 9290211
snapgene,TRP1,TRP1,auxotrophic,tryptophan dropout,eukaryotic,narrow (S. cerevisiae),
snapgene,LYS2,LYS2,auxotrophic,lysine dropout; counter-selectable with alpha-aminoadipate,eukaryotic,narrow (S. cerevisiae),
snapgene,MET17,MET17,auxotrophic,methionine dropout,eukaryotic,narrow (S. cerevisiae),
snapgene,ADE2,ADE2,auxotrophic,adenine dropout,eukaryotic,narrow (S. cerevisiae),
snapgene,ARG4,ARG4,auxotrophic,arginine dropout,eukaryotic,narrow (S. cerevisiae),
snapgene,PpHIS4,PpHIS4,auxotrophic,histidine dropout,eukaryotic,narrow (Pichia pastoris),
snapgene,amdS,amdS,metabolic,acetamide as sole nitrogen source,eukaryotic,broad (fungi),
snapgene,SacB,SacB,counter-selection,sucrose,bacterial,broad (Gram-negative bacteria),PMID 2997137
snapgene,ccdB,ccdB,counter-selection,gyrase poison; propagated only in a ccdA+ or gyrA462 host,bacterial,narrow (E. coli),
swissprot,P62554;P62555;Q46996;Q52042;Q52043,ccdB,counter-selection,gyrase poison; propagated only in a ccdA+ or gyrA462 host,bacterial,narrow (E. coli),
snapgene,codA,codA,counter-selection,5-fluorocytosine,both,broad (bacteria and mammalian),PMID 1729703
swissprot,P25524,codA,counter-selection,5-fluorocytosine,both,broad (bacteria and mammalian),PMID 1729703
snapgene,HSV_TK,HSV TK,counter-selection,"ganciclovir, acyclovir",eukaryotic,narrow (mammalian),PMID 3194019
snapgene,Delta_TK,ΔTK,counter-selection,"ganciclovir, acyclovir",eukaryotic,narrow (mammalian),
snapgene,barnase,barnase,counter-selection,ribonuclease toxin; lethal in standard cloning strains,bacterial,narrow (E. coli),
snapgene,lacZ;lacZ_(2),lacZ,screening,X-gal (blue/white),bacterial,narrow (E. coli),
snapgene,lacZ_alpha,lacZα,screening,X-gal (blue/white alpha-complementation),bacterial,narrow (E. coli),PMID 6295879
snapgene,GUS;GUS_(2),GUS,screening,X-Gluc,eukaryotic,broad (plants),PMID 3327686
snapgene,vermilion,vermilion,screening,eye colour,eukaryotic,narrow (Drosophila),PMID 1923781
swissprot,A0A5R8T042;A0A649V088;E1ANH6;O07293;O08337;O33807;O65975;O65976;O69395;O84955;P0A1V8;P0A1V9;P0A3M1;P0A3M2;P0A3M3;P0A3M4;P0A9Z7;P0A9Z8;P0A9Z9;P0AA00;P0AD63;P0AD64;P10509;P22391;P23954;P28585;P30896;P35695;P37323;P62593;P62594;P74841;P96348;Q00982;Q06316;Q06650;Q06778;Q45726;Q47066;Q51429;Q51574;Q59514;Q5YXD6;Q848S4;Q848S6;Q8KSA6;Q93LM8;Q9AHN9;Q9EZQ7;Q9R976;Q9RMT4;Q9S169;Q9S424,bla,antibiotic resistance,"ampicillin, carbenicillin",bacterial,broad (Gram-negative bacteria),PMID 358200
swissprot,P02980;P02981;P02982;P33733;P51563;P51564;Q07282,tetA,antibiotic resistance,tetracycline,bacterial,broad (bacteria),PMID 7826010
swissprot,P08881;P0AG05;P0AG06;Q8ZPX9,aadA,antibiotic resistance,"spectinomycin, streptomycin",bacterial,broad (bacteria),PMID 2993813
swissprot,P23181,aacC1,antibiotic resistance,gentamicin,bacterial,broad (bacteria),PMID 2549372
swissprot,P00552,neo,antibiotic resistance,"neomycin, kanamycin, G418",both,"broad (bacteria, mammalian, plant)",PMID 6295884
swissprot,P00555,aph,antibiotic resistance,"kanamycin, neomycin",bacterial,broad (bacteria),PMID 6270337
swissprot,P00557,hph,antibiotic resistance,hygromycin B,both,broad (bacteria and mammalian),PMID 6319235
swissprot,P13081;P17493;Q6GKR3;Q7A8D1;Q7DJ53;Q99XE5,ble,antibiotic resistance,"bleomycin, phleomycin, Zeocin",both,broad (bacteria and mammalian),PMID 1695734
swissprot,P0C002,sul1,antibiotic resistance,sulfonamides,bacterial,broad (bacteria),
swissprot,P00485;P00486;P06135;P23364;P50869;P26841;P36882;P62578;P62579;P62577;P58777;P07641;P62580;P25309;P20074;Q03058;P49417,cat,antibiotic resistance,chloramphenicol,bacterial,broad (bacteria),PMID 6340955
swissprot,P94468;P21130;P05655;F8DT26;P0DJA3,sacB,counter-selection,sucrose,bacterial,broad (Gram-negative bacteria),PMID 2997137
swissprot,P21594,ura3,auxotrophic,uracil dropout; counter-selectable with 5-FOA,eukaryotic,narrow (yeast),PMID 6394957
